"cat_id";"name";"logo";"logo1";"create_date";"status";"icon"
25;"MEDICAL";"medecine.jpg";"medecine1.jpg";"2017-09-26 16:54:03";1;"1"
26;"COIFFEUR";"coiffeur.jpg";"coiffeur1.jpg";"2017-09-27 08:27:20";1;"2"
27;"EPILATION";"epilation3.jpg";"epilation4.jpg";"2017-09-27 08:51:52";1;"3"
28;"MASSAGE";"massage.jpg";"massage1.jpg";"2017-09-27 08:41:57";1;"4"
29;"ONGLERIE";"manicure.jpg";"manicure1.jpg";"2017-09-27 08:53:41";1;"5"
30;"ANIMAUX";"toiletteur.jpg";"toiletteur1.jpg";"2017-09-27 08:49:04";1;"6"
31;"GYNECOLOGUE";"gynecologuer.jpg";"gynecologuer1.jpg";"2017-09-27 11:25:40";1;"7"
32;"PEDIATRE";"pediatre.jpg";"pediatre1.jpg";"2017-09-27 11:28:22";1;"8"
