"id";"name";"password";"new_pass";"mobile";"email";"zip_code";"address";"city";"status_reg";"cu_date"
60;"testing";"admin";863498;"7999996422";"admin@gmail.com";"13300";"";"indore";1;"2002-09-17 02:31:00"
63;"ASHISH";"ashi";516391;"1234567899";"ashish.dubey@engineermaster.in";"13300";"";"";1;"0000-00-00 00:00:00"
72;"kapil";"kapilkk";0;"9981101934";"kkarda77@gmail.com";"13140";"";"";1;"2005-09-17 12:56:00"
74;"GRANOUX";"admin";0;"06805682699";"contact@discount-telephone.fr";"13430";"";"";1;"2007-09-17 08:34:00"
84;"ashish";"";0;"123";"dubeyashish1433@gmail.com";"13430";"";"";1;"0000-00-00 00:00:00"
85;"jeremy martin";"admin";0;"0662877225";"martin.jerem@outlook.fr";"13300";"";"Salon de Provence";1;"2022-09-17 12:27:00"
86;"rlkgf";"";0;"56385";"rt@gmail.com";"13430";"";"";1;"0000-00-00 00:00:00"
87;"dsf";"";0;"454";"rancon@gmail.com";"13300";"";"";1;"0000-00-00 00:00:00"
88;"sddf";"";0;"45";"artgallery@gmail.com";"13300";"";"";1;"0000-00-00 00:00:00"
89;"Nicolas";"admin";0;"0680568269";"contact@timbo.fr";"13430";"";"eyguieres";1;"2004-10-17 12:51:00"
90;"nicol";"admin";0;"0680568269";"contact@test.com";"13430";"";"avenue adam";1;"2004-10-17 01:37:00"
91;"granoux";"admin";0;"0667866751";"contact@mesdeals.net";"13140";"8 allee ";"miramas";1;"2005-10-17 07:21:00"
93;"Paul";"admin";0;"0659865963";"contact@aurmes.fr";"13300";"35 vieux chemin du louvre";"salon de provence";1;"2005-10-17 08:44:00"
94;"Christophe";"admin";0;"662877225";"christophe.m@clevin.fr";"13430";"";"EYGUIERES";1;"2005-10-17 08:52:00"
96;"granoux nicolas";"admin";0;"680568269";"contact@test2.fr";"13430";"ZA LES PALUDS";"EYGUIERES";1;"2006-10-17 11:45:00"
97;"GRANOUX";"admin";0;"0680568269";"admin@test.com";"13430";"ZA LES PALUDS";"EYGUIERES";1;"2016-10-17 10:45:00"
98;"Prasad";"prasad123";0;"9881604554";"prasadcube9@gmail.com";"13430";"ssd";"France";1;"2025-10-17 11:28:00"
99;"sds";"anupn123";0;"45454";"iamjustakid49@gmail.com";"454";"sdsd";"4545";1;"2026-10-17 06:02:00"
100;"tester";"1990Guinoubi";0;"000000000";"guinoubi.momo@gmail.com";"45200";"2 rue du Patis";"Montargis";1;"2030-10-17 05:49:00"
101;"issam";"azerty";0;"55874584";"issam.ghorbali@gmail.com";"1000";"tunis";"tunis";1;"2031-10-17 01:26:00"
102;"test";"123456789";0;"33646446087";"test12@yopmail.com";"13430";"test france ";"paris";1;"2031-10-17 02:39:00"
