"ser_detail_id";"cat_id";"sub_cat_id";"ser_name"
39;25;35;"CONSULTATION MEDECINE GENERALE"
40;25;35;"GYNECOLOGIE"
41;25;35;"PEDIATRIE"
42;25;35;"CERTIFICAT MEDICALE OU SPORTIF"
43;25;36;"CONSULTATION DENTAIRE "
44;25;36;"DETARTRAGE"
45;25;36;"URGENCE DENTAIRE"
46;25;36;"PROTHESE / COURONNE"
47;25;36;"IMPLANT"
48;25;36;"BLANCHIMENT DES DENT "
49;25;37;"PREMIERE CONSULTATION OSTHEOPATIE"
50;25;37;"SUIVI DE CONSULTATION OSTHEOPATIE"
51;25;37;"NOURISSON "
52;25;37;"URGENCE "
53;25;37;"FEMME ENCEINTE "
54;25;37;"DOULEUR "
55;25;38;"PREMIERE CONSULTATON "
56;25;38;"SUIVI DE CONSULTATION "
57;25;38;"CONSULTATION ENFANT "
58;25;38;"REEDUCTATION"
59;25;38;"DOULEUR DOS "
60;25;38;"DOULEUR EPAULE "
61;25;38;"DOULEUR CHEVILLE"
62;25;38;"DOULEUR MAIN / POIGNEE"
63;25;38;"BLESSURE SPORTIVE"
64;25;39;"CONSULTATION OPHTALMOLOGUE ADULTE"
65;25;39;"CONSULTATION OPHTALMOLOGUE ENFANT"
66;25;39;"CONSULTATION OPHTALMOLOGUE ENFANT - 12ANS"
67;25;39;"LENTILLES DE CONTACT OU LUNETTES "
68;25;39;"CONSULTATION PRE-OP LASIK,PKR: "
69;25;39;"CATARACTE"
70;25;39;"URGENCE"
71;26;0;"SHAMPOOINGS"
72;26;0;"COUPE HOMME"
73;26;0;"COUPE FEMME COURT"
74;26;0;"COUPE FEMME MI LONG "
75;26;0;"COUPE FEMME LONG"
76;26;0;"BRUSHING "
77;26;0;"SOINS"
78;26;0;"COLORATION PERSONNALISEE"
79;26;0;"MECHES"
80;26;0;"PERMANENTES"
81;26;0;"EXTENSIONS"
82;26;0;"SHAMPOOING+COUPE+BRUSHIONG"
83;26;0;"COULEUR+SHAMPOOING + COUPE + BRUSHING"
84;26;0;"COUPE ENFANT "
85;27;0;"SOURCILS"
86;27;0;"LEVRES"
87;27;0;"AISSELLE"
88;27;0;"MAILLOT"
89;27;0;"1/2 JAMBE OU BRAS"
90;27;0;"JAMBES COMPLETES"
91;27;0;"MAILLOT BRESILIEN "
92;27;0;"MAILLOT INTEGRALE"
93;27;0;"1/2 JAMBES + MAILLOT + AISSELLES"
94;27;0;"JAMBE COMPLETE+MAILLOT+AISSELLES"
95;28;0;"MASSAGE HOMME"
96;28;0;"MASSAGE FEMME "
97;28;0;"MASSAGE VISAGE"
98;28;0;"MASSAGE CORPS COMPLET"
99;29;0;"POSE COMPLETE CAPSULE"
100;29;0;"RALLONGEMENT GEL "
101;29;0;"RAMPLISSAGE "
102;29;0;"DEPOSE MAINS "
103;29;0;"REPARATION "
104;29;0;"FRENCH PERMANENTE "
105;29;0;"POSE DE VERNIS "
106;29;0;"POSE EN GEL FRENCH "
107;30;41;"LAVAGE POIL + LAVAGE OREILLE + LAVAGE COUSSINET + BROSSAGE (PETIT CHIEN )"
108;30;41;"LAVAGE POIL + LAVAGE OREILLE + LAVAGE COUSSINET + BROSSAGE (MOYEN CHIEN )"
110;30;41;"LAVAGE POIL + LAVAGE OREILLE + LAVAGE COUSSINET + BROSSAGE (GROS CHIEN )"
111;30;41;"LAVAGE POIL + LAVAGE OREILLE + LAVAGE COUSSINET + BROSSAGE + TONTEET CISEAU (PETIT CHIEN )"
112;30;41;"LAVAGE POIL + LAVAGE OREILLE + LAVAGE COUSSINET + BROSSAGE + TONTE ET CISEAU (MOYEN CHIEN )"
113;30;41;"LAVAGE POIL + LAVAGE OREILLE + LAVAGE COUSSINET + BROSSAGE + TONTE ET CISEAU (GROS CHIEN )"
114;31;0;"RENDEZ VOUS DE CONTROLE "
115;31;0;"FEMME ENCEINTE PREMIER RENDEZ VOUS "
116;31;0;"FEMME ENCEINTE RENDEZ VOUS SUIVI DE GROSSESSE"
117;31;0;"URGENCE "
118;31;0;"HOMMES"
119;31;0;"POSE OU RETRAIT DE STERILET"
120;31;0;"IVG"
121;32;0;"CONSULTATION DE SUIVI PEDIATRIE"
122;32;0;"NOUVEAU NEE CONSULTATION "
123;32;0;"PREMIRE CONSULTATION DE PEDIATRIE "
124;32;0;"URGENCE"
125;32;0;"VACCINATION "
