"spr_id";"brand_name";"brand_logo";"contact_name";"contact_image";"address";"city_name";"address_map";"lat";"longt";"contact";"disc";"email";"password";"cat2_id";"cat_id";"subcat2_id";"subcat_id";"created_by";"created_at";"new_token";"zip_code";"mon_from_am_time";"mon_to_am_time";"mon_from_pm_time";"mon_to_pm_time";"tue_from_am_time";"tue_to_am_time";"tue_from_pm_time";"tue_to_pm_time";"wed_from_am_time";"wed_to_am_time";"wed_from_pm_time";"wed_to_pm_time";"thu_from_am_time";"thu_to_am_time";"thu_from_pm_time";"thu_to_pm_time";"fri_from_am_time";"fri_to_am_time";"fri_from_pm_time";"fri_to_pm_time";"sat_from_am_time";"sat_to_am_time";"sat_from_pm_time";"sat_to_pm_time";"sun_from_am_time";"sun_to_am_time";"sun_from_pm_time";"sun_to_pm_time";"weekend"
51;"Caillol";"Electro10222.jpg";"Mr Caillol ";"";"493 Route d'Arles";"Salon de Provence";"13300 Salon-de-Provence, France";43.6403047;5.086916500000029;"0445659886";"Medecin generaliste a l'ecoute du client";"martin.jerem@outlook.fr";"admin";0;25;0;35;0;"0000-00-00 00:00:00";0;13300;"08:00:00";"12:00:00";"12:30:00";"17:00:00";"08:00:00";"12:00:00";"12:30:00";"17:00:00";"08:00:00";"12:00:00";"12:30:00";"17:00:00";"08:00:00";"12:00:00";"12:30:00";"17:00:00";"08:00:00";"12:00:00";"12:30:00";"17:00:00";"06:00:00";"06:00:00";"06:00:00";"06:00:00";"06:00:00";"06:00:00";"06:00:00";"06:00:00";"Monday,Tuesday,Wednesday,Thrusday,Friday"
52;"toilet'dog";"Toilettage-de-chiens-et-chats-a-Eauze-32.jpg";"Alain";"Formation-CAP-Esthetique1.jpg";"89 chemin de la capeline";"EYGUIERES";"13300 Salon-de-Provence, France";43.6335066;5.080040000000054;"0665897845";"Envie de dresser votre chien";"contact@timbo.fr";"admin";0;30;0;40;0;"0000-00-00 00:00:00";0;13430;"07:00:00";"12:30:00";"14:00:00";"18:00:00";"07:00:00";"12:30:00";"14:00:00";"18:00:00";"07:00:00";"12:30:00";"14:00:00";"18:00:00";"07:00:00";"12:30:00";"14:00:00";"18:00:00";"07:00:00";"12:30:00";"14:00:00";"18:00:00";"06:00:00";"06:00:00";"06:00:00";"06:00:00";"06:00:00";"06:00:00";"06:00:00";"06:00:00";"Monday,Tuesday,Wednesday,Thrusday,Friday"
53;"Dr Martine ";"ami-des-dents.jpg";"Dr Martine";"accueil-icone-silhouette_318-850971.jpg";"68 rue de l'horloge 13300 salon de provence ";"lamanon";"13113 Lamanon, France";43.7020329;5.086401199999955;"0610141404";"500m après le géant casino sur la gauche ";"testmartine@gmail.com";"admin";0;31;0;0;0;"0000-00-00 00:00:00";0;13113;"08:00:00";"12:00:00";"13:30:00";"19:00:00";"08:00:00";"12:00:00";"13:30:00";"19:00:00";"08:00:00";"12:00:00";"13:30:00";"19:00:00";"08:00:00";"12:00:00";"13:30:00";"19:00:00";"08:00:00";"12:00:00";"13:30:00";"15:00:00";"08:00:00";"12:00:00";"12:00:00";"12:00:00";"06:00:00";"06:00:00";"06:00:00";"06:00:00";"Monday,Tuesday,Wednesday,Thrusday,Friday,Saturday"
54;" pediatrie stephanovic";"fou_de.png";"GRANOUX";"photo_port_stoof_413.jpg";"8 allee des camelias ";"miramas";"13140 Miramas, France";43.588896;5.002136000000064;"0667866751";"pediatrie general";"test1@mesdeals.net";"admin";0;32;0;0;0;"0000-00-00 00:00:00";0;13140;"09:00:00";"12:00:00";"15:00:00";"19:00:00";"09:00:00";"12:00:00";"15:00:00";"19:00:00";"09:00:00";"12:00:00";"15:00:00";"20:00:00";"09:00:00";"12:00:00";"15:00:00";"19:00:00";"09:00:00";"12:00:00";"15:00:00";"20:00:00";"09:00:00";"13:00:00";"13:00:00";"13:00:00";"06:00:00";"06:00:00";"06:00:00";"06:00:00";"Monday,Tuesday,Wednesday,Thrusday,Friday,Saturday"
55;"Mister Cutts";"index4.png";"Mister Cutts";"index5.png";"ZA Paluds";"Eyguières";"13430 Eyguières, France";43.695299;5.02967000000001;"0123456789";"Best haircut of your life!!!";"mister.cutts@gmail.com";"mc789";26;26;0;0;0;"0000-00-00 00:00:00";0;13430;"10:00:00";"13:00:00";"14:00:00";"19:00:00";"10:00:01";"13:00:01";"14:00:01";"19:00:01";"10:00:02";"13:00:02";"14:00:02";"19:00:02";"10:00:03";"13:00:03";"14:00:03";"19:00:03";"10:00:04";"13:00:04";"14:00:04";"19:00:04";"10:00:05";"13:00:05";"14:00:05";"19:00:05";"10:00:06";"13:00:06";"14:00:06";"19:00:06";"Sunday"
56;"lydie";"fou_de1.png";"lydie";"photo_port_stoof_0031.jpg";"8 alle du stade";"miramas";"13140 Miramas, France";43.588896;5.002136000000064;"0661920980";"beaute des mains et des pieds";"test2@mesdeals.net";"admin";0;29;0;0;0;"0000-00-00 00:00:00";0;13140;"00:00:00";"06:00:00";"06:00:00";"06:00:00";"10:00:00";"13:00:00";"16:00:00";"19:00:00";"10:00:00";"13:00:00";"16:00:00";"19:00:00";"10:00:00";"13:00:00";"16:00:00";"19:00:00";"09:00:00";"19:00:00";"06:00:00";"06:00:00";"09:00:00";"19:00:00";"06:00:00";"06:00:00";"06:00:00";"06:00:00";"06:00:00";"06:00:00";"Tuesday,Wednesday,Thrusday,Friday,Saturday"
57;"malaudent";"Sans_titre.png";"malaudent";"008.jpg";"allee des molaire";"canine";"13001 Marseille, France";43.296482;5.369779999999992;"0669888888";"dentiste";"test3@mesdeals.net";"admin";0;25;0;36;0;"0000-00-00 00:00:00";0;13000;"08:00:00";"12:00:00";"14:00:00";"19:30:00";"08:00:00";"12:00:00";"14:00:00";"19:30:00";"08:00:00";"12:00:00";"14:00:00";"19:30:00";"06:00:00";"06:00:00";"13:30:00";"19:30:00";"08:00:00";"12:00:00";"14:00:00";"19:30:00";"10:00:00";"13:00:00";"06:00:00";"06:00:00";"06:00:00";"06:00:00";"06:00:00";"06:00:00";"Monday,Tuesday,Wednesday,Thrusday,Friday,Saturday"
58;"malaudos";"cocktail_3.jpg";"malaudos";"cocktail6.jpg";"50 rue president dassier";"miramas";"13140 Miramas, France";43.58712360000001;4.999001799999974;"06999999";"soins et entretien musculaire";"test4@mesdeals.net";"admin";0;25;0;0;0;"0000-00-00 00:00:00";0;13140;"06:00:00";"06:00:00";"13:30:00";"18:00:00";"09:00:00";"12:00:00";"14:00:00";"18:00:00";"09:00:00";"12:00:00";"14:00:00";"18:00:00";"09:00:00";"12:00:00";"14:00:00";"18:00:00";"09:00:00";"12:00:00";"14:00:00";"18:00:00";"09:00:00";"16:00:00";"00:00:00";"00:00:00";"00:00:00";"00:00:00";"00:00:00";"00:00:00";"Monday,Tuesday,Wednesday,Thrusday,Friday,Saturday"
59;"aupied";"cocktail_31.jpg";"aupied";"deaf_knees.jpg";"8 allee des camelias";"miramas";"13140 Miramas, France";43.5806186;5.013045299999931;"0699999999";"dressage chien en tous genre";"test5@mesdeals.net";"admin";30;25;40;37;0;"0000-00-00 00:00:00";0;13140;"08:00:00";"12:00:00";"13:00:00";"19:00:00";"09:00:00";"12:00:00";"13:00:00";"18:00:00";"09:00:00";"12:00:00";"13:00:00";"18:00:00";"09:00:00";"12:00:00";"13:00:00";"18:00:00";"09:00:00";"12:00:00";"13:00:00";"18:00:00";"09:00:00";"12:00:00";"13:00:00";"18:00:00";"00:00:00";"00:00:00";"10:30:00";"18:30:00";"Tuesday,Wednesday,Thrusday,Friday,Saturday,Sunday"
60;"jaiplusdepoil";"FuncocktailLogo.png";"jaipludepoil";"cocktail_6.jpg";"allee des jambes rasee";"EYGUIERES";"13430 Eyguières, France";43.695299;5.02967000000001;"0600000000";"epilation de toutes les parties du corps";"test6@mesdeals.net";"admin";0;27;0;0;0;"0000-00-00 00:00:00";0;13430;"00:00:00";"00:00:00";"00:00:00";"00:00:00";"10:00:00";"12:00:00";"15:00:00";"18:00:00";"10:00:00";"12:00:00";"15:00:00";"18:00:00";"10:00:00";"12:00:00";"15:00:00";"18:00:00";"10:00:00";"12:00:00";"15:00:00";"18:00:00";"10:00:00";"18:00:00";"09:00:00";"11:30:00";"00:00:00";"00:00:00";"00:00:00";"00:00:00";"Tuesday,Wednesday,Thrusday,Friday,Saturday"
61;"massatai";"cocktail1.jpg";"chitong";"cocktailne.png";"route de salon ";"salon de provence ";"13300 Salon-de-Provence, France";43.64019899999999;5.097022000000038;"0669696969";"salon de massage thailandais";"admin@gmail.com";"admin";0;28;0;0;0;"0000-00-00 00:00:00";0;13300;"00:00:00";"00:00:00";"15:30:00";"18:30:00";"00:00:00";"00:00:00";"13:30:00";"18:30:00";"00:00:00";"00:00:00";"13:30:00";"18:30:00";"00:00:00";"00:00:00";"13:30:00";"18:30:00";"00:00:00";"00:00:00";"13:30:00";"18:30:00";"11:30:00";"18:30:00";"00:00:00";"00:00:00";"00:00:00";"00:00:00";"00:00:00";"00:00:00";"Monday,Tuesday,Wednesday,Thrusday,Friday,Saturday"
62;"Tina";"Electro10223.jpg";"TINA";"Electro10224.jpg";"ZA LES PALUDS";"EYGUIERES";"13430 Eyguières, France";43.7100748;5.00784509999994;"0680568269";"ZA LES PALUDS";"BERNARD@CLEVIN.FR";"admin";25;26;36;0;0;"0000-00-00 00:00:00";0;13430;"08:00:00";"12:00:00";"13:00:00";"19:00:00";"08:00:00";"12:00:00";"13:00:00";"19:00:00";"08:00:00";"12:00:00";"13:00:00";"19:00:00";"08:00:00";"12:00:00";"13:00:00";"19:00:00";"08:00:00";"12:00:00";"13:00:00";"19:00:00";"00:00:00";"00:00:00";"00:00:00";"00:00:00";"00:00:00";"00:00:00";"00:00:00";"00:00:00";"Monday,Tuesday,Wednesday,Thrusday,Friday"
